feature,mi_original,mi_null,delta,iteration,protocol,is_informative
$X_1$,0.2917092168563191,0.007702068248479854,0.28400714860783927,0,Bootstrap,True
$Z_{1}$,0.09352090919232703,0.0011556757238380122,0.09236523346848902,0,Bootstrap,False
$Z_{2}$,0.12191207917608926,0.0014777799245537793,0.12043429925153548,0,Bootstrap,False
$Z_{3}$,0.09201555242777948,0.004761765121456207,0.08725378730632327,0,Bootstrap,False
$X_1$,0.29652047677763993,0.0,0.29652047677763993,1,Bootstrap,True
$Z_{1}$,0.09397202972096075,0.0,0.09397202972096075,1,Bootstrap,False
$Z_{2}$,0.1194988135481978,0.0,0.1194988135481978,1,Bootstrap,False
$Z_{3}$,0.09480325346401264,0.0,0.09480325346401264,1,Bootstrap,False
$X_1$,0.29070949388938505,0.004216183861168066,0.286493310028217,2,Bootstrap,True
$Z_{1}$,0.11016799859361148,0.00041742007983103235,0.10975057851378045,2,Bootstrap,False
$Z_{2}$,0.10472173850990263,0.0006226683219039408,0.10409907018799869,2,Bootstrap,False
$Z_{3}$,0.09040922134037643,0.003216523637410873,0.08719269770296556,2,Bootstrap,False
$X_1$,0.2844874127976922,0.0,0.2844874127976922,3,Bootstrap,True
$Z_{1}$,0.09280072432416908,0.0005284145406099228,0.09227230978355916,3,Bootstrap,False
$Z_{2}$,0.12621803446382795,0.0005761509705775048,0.12564188349325045,3,Bootstrap,False
$Z_{3}$,0.09770346623112802,0.0,0.09770346623112802,3,Bootstrap,False
$X_1$,0.29860127925550817,0.00896477581333599,0.2896365034421722,4,Bootstrap,True
$Z_{1}$,0.09930140273321708,0.0,0.09930140273321708,4,Bootstrap,False
$Z_{2}$,0.12417029802689017,0.0,0.12417029802689017,4,Bootstrap,False
$Z_{3}$,0.08953376887151476,0.005914337491329302,0.08361943138018546,4,Bootstrap,False
$X_1$,0.2840479107514431,0.0,0.2840479107514431,5,Bootstrap,True
$Z_{1}$,0.11230057454648668,0.0,0.11230057454648668,5,Bootstrap,False
$Z_{2}$,0.11217223303604795,0.0,0.11217223303604795,5,Bootstrap,False
$Z_{3}$,0.10457108461359432,0.0014341843107219532,0.10313690030287237,5,Bootstrap,False
$X_1$,0.30002753471921717,0.0,0.30002753471921717,6,Bootstrap,True
$Z_{1}$,0.0969623673894171,0.00728277964502988,0.08967958774438722,6,Bootstrap,False
$Z_{2}$,0.11948122048550713,0.0,0.11948122048550713,6,Bootstrap,False
$Z_{3}$,0.0844365594966967,0.0,0.0844365594966967,6,Bootstrap,False
$X_1$,0.30586829621937905,0.0,0.30586829621937905,7,Bootstrap,True
$Z_{1}$,0.09239567821384886,0.010737823660941004,0.08165785455290786,7,Bootstrap,False
$Z_{2}$,0.09205259738888971,0.0,0.09205259738888971,7,Bootstrap,False
$Z_{3}$,0.09639299375972632,0.0012929076102818904,0.09510008614944443,7,Bootstrap,False
$X_1$,0.2920660485444875,0.005579949186032884,0.2864860993584546,8,Bootstrap,True
$Z_{1}$,0.09498488000210559,0.0,0.09498488000210559,8,Bootstrap,False
$Z_{2}$,0.10918899753160982,0.0,0.10918899753160982,8,Bootstrap,False
$Z_{3}$,0.10769356297150878,0.0,0.10769356297150878,8,Bootstrap,False
$X_1$,0.27639305132633774,0.0002610303081542753,0.27613202101818346,9,Bootstrap,True
$Z_{1}$,0.0928739854520999,0.0029947236166729674,0.08987926183542694,9,Bootstrap,False
$Z_{2}$,0.11805862061321681,0.003621409047528612,0.1144372115656882,9,Bootstrap,False
$Z_{3}$,0.10963828692687505,0.0,0.10963828692687505,9,Bootstrap,False
$X_1$,0.297014862153941,0.0,0.297014862153941,10,Bootstrap,True
$Z_{1}$,0.08453902404809455,0.0,0.08453902404809455,10,Bootstrap,False
$Z_{2}$,0.11977650096734793,0.0048096082658926065,0.11496689270145533,10,Bootstrap,False
$Z_{3}$,0.09715928615376468,0.0,0.09715928615376468,10,Bootstrap,False
$X_1$,0.3048901308220824,0.0,0.3048901308220824,11,Bootstrap,True
$Z_{1}$,0.10098167682280002,0.0,0.10098167682280002,11,Bootstrap,False
$Z_{2}$,0.09254767666749997,0.0,0.09254767666749997,11,Bootstrap,False
$Z_{3}$,0.08933330444143772,0.004514513592126956,0.08481879084931077,11,Bootstrap,False
$X_1$,0.2827009318187832,0.006554271589594762,0.27614666022918843,12,Bootstrap,True
$Z_{1}$,0.0941800161215296,0.0,0.0941800161215296,12,Bootstrap,False
$Z_{2}$,0.12438943556591608,0.0,0.12438943556591608,12,Bootstrap,False
$Z_{3}$,0.0831960213414713,0.0,0.0831960213414713,12,Bootstrap,False
$X_1$,0.29745702955381415,0.0026284894920380886,0.29482854006177606,13,Bootstrap,True
$Z_{1}$,0.09642122372237383,0.008979488760728849,0.08744173496164498,13,Bootstrap,False
$Z_{2}$,0.09563957814028567,0.0,0.09563957814028567,13,Bootstrap,False
$Z_{3}$,0.11049219741608018,0.00224638735697269,0.1082458100591075,13,Bootstrap,False
$X_1$,0.2934773023612076,0.0,0.2934773023612076,14,Bootstrap,True
$Z_{1}$,0.09479224059582592,0.0,0.09479224059582592,14,Bootstrap,False
$Z_{2}$,0.09954538538793667,0.018326290120529,0.08121909526740767,14,Bootstrap,False
$Z_{3}$,0.11551890272525212,0.0018984325943187663,0.11362047013093335,14,Bootstrap,False
$X_1$,0.2935872581978931,0.0,0.2935872581978931,15,Bootstrap,True
$Z_{1}$,0.09965861863091874,0.0,0.09965861863091874,15,Bootstrap,False
$Z_{2}$,0.10609162645559822,0.0,0.10609162645559822,15,Bootstrap,False
$Z_{3}$,0.09488806702957753,0.005789275212054079,0.08909879181752345,15,Bootstrap,False
$X_1$,0.28241852279048585,0.005722482063799994,0.27669604072668585,16,Bootstrap,True
$Z_{1}$,0.10161519021186027,0.0,0.10161519021186027,16,Bootstrap,False
$Z_{2}$,0.09762793734655029,0.0,0.09762793734655029,16,Bootstrap,False
$Z_{3}$,0.08993141317056041,0.0010942164287652822,0.08883719674179513,16,Bootstrap,False
$X_1$,0.3017995613619686,0.0006208406118357601,0.30117872075013286,17,Bootstrap,True
$Z_{1}$,0.09534059679634144,0.0,0.09534059679634144,17,Bootstrap,False
$Z_{2}$,0.09391651982248383,0.005590701619832217,0.08832581820265162,17,Bootstrap,False
$Z_{3}$,0.09195999174487257,0.0,0.09195999174487257,17,Bootstrap,False
$X_1$,0.28680666677744315,0.0019030074269568154,0.28490365935048634,18,Bootstrap,True
$Z_{1}$,0.09016520028602848,0.0062371510179568546,0.08392804926807163,18,Bootstrap,False
$Z_{2}$,0.09354365930274833,0.0,0.09354365930274833,18,Bootstrap,False
$Z_{3}$,0.07892892591957423,0.0042545531918194435,0.07467437272775479,18,Bootstrap,False
$X_1$,0.29823225679916354,0.0,0.29823225679916354,19,Bootstrap,True
$Z_{1}$,0.09012591682425386,0.008558812251297176,0.08156710457295668,19,Bootstrap,False
$Z_{2}$,0.10794596468781581,0.006513460019244466,0.10143250466857134,19,Bootstrap,False
$Z_{3}$,0.09800302589246845,0.0,0.09800302589246845,19,Bootstrap,False
$X_1$,0.2729274238493986,0.0005966390847222947,0.2723307847646763,20,Bootstrap,True
$Z_{1}$,0.0861594190052033,0.0,0.0861594190052033,20,Bootstrap,False
$Z_{2}$,0.1022591688750416,0.00641973311900168,0.09583943575603993,20,Bootstrap,False
$Z_{3}$,0.09433107425311249,0.0,0.09433107425311249,20,Bootstrap,False
$X_1$,0.28544237448323506,0.005639768788228583,0.2798026056950065,21,Bootstrap,True
$Z_{1}$,0.09232896730930307,0.0012447203817433916,0.09108424692755968,21,Bootstrap,False
$Z_{2}$,0.08577125223616289,0.005704691382878657,0.08006656085328423,21,Bootstrap,False
$Z_{3}$,0.08797373416316745,0.0,0.08797373416316745,21,Bootstrap,False
$X_1$,0.29083701860718936,0.0,0.29083701860718936,22,Bootstrap,True
$Z_{1}$,0.08296839350626195,0.007298377905910591,0.07567001560035136,22,Bootstrap,False
$Z_{2}$,0.11693759759826561,0.0018171597687266505,0.11512043782953896,22,Bootstrap,False
$Z_{3}$,0.11295481918137584,0.0,0.11295481918137584,22,Bootstrap,False
$X_1$,0.2938033922407228,0.007825464784030789,0.28597792745669204,23,Bootstrap,True
$Z_{1}$,0.0940769566744577,0.0032677373689340428,0.09080921930552366,23,Bootstrap,False
$Z_{2}$,0.10349799654182856,0.0,0.10349799654182856,23,Bootstrap,False
$Z_{3}$,0.10303946950115961,0.0036085388034963195,0.09943093069766329,23,Bootstrap,False
$X_1$,0.28363787845235433,0.008050614696193392,0.27558726375616094,24,Bootstrap,True
$Z_{1}$,0.10829346139818785,0.01238967713185124,0.09590378426633661,24,Bootstrap,False
$Z_{2}$,0.11106323695886511,0.0007839099736144384,0.11027932698525067,24,Bootstrap,False
$Z_{3}$,0.10334509895489097,0.004279286231776869,0.0990658127231141,24,Bootstrap,False
$X_1$,0.30046826665392934,0.010766818336587658,0.2897014483173417,25,Bootstrap,True
$Z_{1}$,0.0866920435050158,0.0,0.0866920435050158,25,Bootstrap,False
$Z_{2}$,0.11573016084610499,0.010354439541738092,0.1053757213043669,25,Bootstrap,False
$Z_{3}$,0.10206377397031963,0.0,0.10206377397031963,25,Bootstrap,False
$X_1$,0.2857442144908453,0.0006385490057523313,0.285105665485093,26,Bootstrap,True
$Z_{1}$,0.0857533067721925,0.0,0.0857533067721925,26,Bootstrap,False
$Z_{2}$,0.11761813489484751,0.0,0.11761813489484751,26,Bootstrap,False
$Z_{3}$,0.08678948315545698,0.004479174756626403,0.08231030839883058,26,Bootstrap,False
$X_1$,0.2912495545167981,0.0,0.2912495545167981,27,Bootstrap,True
$Z_{1}$,0.06567165729606295,0.00497879679034785,0.060692860505715096,27,Bootstrap,False
$Z_{2}$,0.11817186200929086,0.005498680770215092,0.11267318123907577,27,Bootstrap,False
$Z_{3}$,0.11626001625341242,0.0012415285348974514,0.11501848771851497,27,Bootstrap,False
$X_1$,0.2902787518446046,0.0,0.2902787518446046,28,Bootstrap,True
$Z_{1}$,0.09057048854191274,0.006826534145775387,0.08374395439613735,28,Bootstrap,False
$Z_{2}$,0.10165420241773582,0.010832167503339374,0.09082203491439644,28,Bootstrap,False
$Z_{3}$,0.08402097400421482,0.0026932146765212828,0.08132775932769354,28,Bootstrap,False
$X_1$,0.288201376072849,0.0,0.288201376072849,29,Bootstrap,True
$Z_{1}$,0.09317759194459851,0.0007789639601787357,0.09239862798441978,29,Bootstrap,False
$Z_{2}$,0.10952417215450971,0.0031536280943429418,0.10637054406016677,29,Bootstrap,False
$Z_{3}$,0.10746168805262535,0.00276319675963288,0.10469849129299247,29,Bootstrap,False
$X_1$,0.2811287115603851,0.0,0.2811287115603851,30,Bootstrap,True
$Z_{1}$,0.08513969709969471,0.0,0.08513969709969471,30,Bootstrap,False
$Z_{2}$,0.10792177486406729,0.000634707963969916,0.10728706690009737,30,Bootstrap,False
$Z_{3}$,0.1038134256597747,0.0046893300239365665,0.09912409563583813,30,Bootstrap,False
$X_1$,0.3046694468669233,0.00027311969162902017,0.3043963271752943,31,Bootstrap,True
$Z_{1}$,0.08788178660949075,0.0,0.08788178660949075,31,Bootstrap,False
$Z_{2}$,0.1177295380636596,0.005541837703056274,0.11218770036060333,31,Bootstrap,False
$Z_{3}$,0.10929274140884848,0.0015197491846659084,0.10777299222418257,31,Bootstrap,False
$X_1$,0.3002607163583104,0.0,0.3002607163583104,32,Bootstrap,True
$Z_{1}$,0.09456792878018971,0.004829740173651675,0.08973818860653804,32,Bootstrap,False
$Z_{2}$,0.11047732224931517,0.0,0.11047732224931517,32,Bootstrap,False
$Z_{3}$,0.10051223024493439,0.0,0.10051223024493439,32,Bootstrap,False
$X_1$,0.301640071692439,0.003996529354771461,0.29764354233766754,33,Bootstrap,True
$Z_{1}$,0.08193062291700537,0.0008465889289746009,0.08108403398803077,33,Bootstrap,False
$Z_{2}$,0.11280810360544624,0.0,0.11280810360544624,33,Bootstrap,False
$Z_{3}$,0.09964021766608067,0.0,0.09964021766608067,33,Bootstrap,False
$X_1$,0.28598579942476543,0.00015992012301646596,0.28582587930174896,34,Bootstrap,True
$Z_{1}$,0.0935667057159324,0.009470455498897135,0.08409625021703526,34,Bootstrap,False
$Z_{2}$,0.1098500744188513,0.00826155528389716,0.10158851913495415,34,Bootstrap,False
$Z_{3}$,0.09239416204389972,0.0,0.09239416204389972,34,Bootstrap,False
$X_1$,0.2953936675904052,0.0,0.2953936675904052,35,Bootstrap,True
$Z_{1}$,0.08696778951932194,0.0,0.08696778951932194,35,Bootstrap,False
$Z_{2}$,0.10118680736518337,0.0009048011575130133,0.10028200620767036,35,Bootstrap,False
$Z_{3}$,0.10030230454534061,0.0035961548993372894,0.09670614964600333,35,Bootstrap,False
$X_1$,0.29459450720874436,0.00762307229600756,0.2869714349127368,36,Bootstrap,True
$Z_{1}$,0.09823558914183916,0.0017301645084648598,0.0965054246333743,36,Bootstrap,False
$Z_{2}$,0.10212744707278931,0.007969151120888807,0.0941582959519005,36,Bootstrap,False
$Z_{3}$,0.08812102013933076,0.0,0.08812102013933076,36,Bootstrap,False
$X_1$,0.29394826032564647,0.010023108649073631,0.28392515167657284,37,Bootstrap,True
$Z_{1}$,0.09246272389668508,0.0,0.09246272389668508,37,Bootstrap,False
$Z_{2}$,0.10164353676601934,0.004298725453169894,0.09734481131284944,37,Bootstrap,False
$Z_{3}$,0.10258054825566054,0.01127933581158791,0.09130121244407263,37,Bootstrap,False
$X_1$,0.28348421190749207,0.0,0.28348421190749207,38,Bootstrap,True
$Z_{1}$,0.09155955982415565,0.0,0.09155955982415565,38,Bootstrap,False
$Z_{2}$,0.09167964892679681,0.0,0.09167964892679681,38,Bootstrap,False
$Z_{3}$,0.1047651155809608,0.0,0.1047651155809608,38,Bootstrap,False
$X_1$,0.29543691600022726,0.005911936780147897,0.28952497922007936,39,Bootstrap,True
$Z_{1}$,0.08823161410793556,0.007413810452570946,0.08081780365536462,39,Bootstrap,False
$Z_{2}$,0.10337974952854045,0.0,0.10337974952854045,39,Bootstrap,False
$Z_{3}$,0.10056280078325397,0.0054521390096797795,0.09511066177357419,39,Bootstrap,False
$X_1$,0.2814958207551268,0.013482497940693783,0.268013322814433,40,Bootstrap,True
$Z_{1}$,0.10686255672360145,0.0006918376047888586,0.1061707191188126,40,Bootstrap,False
$Z_{2}$,0.11916226348843972,0.0,0.11916226348843972,40,Bootstrap,False
$Z_{3}$,0.09373034320431373,0.0,0.09373034320431373,40,Bootstrap,False
$X_1$,0.2891986216055773,0.0,0.2891986216055773,41,Bootstrap,True
$Z_{1}$,0.10352835806237781,0.0,0.10352835806237781,41,Bootstrap,False
$Z_{2}$,0.09293166025833566,0.009462458684309283,0.08346920157402637,41,Bootstrap,False
$Z_{3}$,0.08123711845772696,0.0,0.08123711845772696,41,Bootstrap,False
$X_1$,0.2949226700597052,0.0,0.2949226700597052,42,Bootstrap,True
$Z_{1}$,0.08890800153357414,0.0011107773913261454,0.087797224142248,42,Bootstrap,False
$Z_{2}$,0.11028013803386649,0.0,0.11028013803386649,42,Bootstrap,False
$Z_{3}$,0.1028732222077946,0.009972297142427866,0.09290092506536674,42,Bootstrap,False
$X_1$,0.28271186639414125,0.009238750876550128,0.2734731155175911,43,Bootstrap,True
$Z_{1}$,0.09279815637135957,0.0013113244257403345,0.09148683194561924,43,Bootstrap,False
$Z_{2}$,0.1203637396590187,0.0,0.1203637396590187,43,Bootstrap,False
$Z_{3}$,0.10070919776362475,0.0,0.10070919776362475,43,Bootstrap,False
$X_1$,0.28386371291904733,0.0,0.28386371291904733,44,Bootstrap,True
$Z_{1}$,0.08314313267081586,0.0035422301345002793,0.07960090253631558,44,Bootstrap,False
$Z_{2}$,0.10662986716461553,0.007325127465182657,0.09930473969943288,44,Bootstrap,False
$Z_{3}$,0.08682175021295979,0.0,0.08682175021295979,44,Bootstrap,False
$X_1$,0.280043405486333,0.005786205396947519,0.2742572000893855,45,Bootstrap,True
$Z_{1}$,0.09217066698127319,0.0,0.09217066698127319,45,Bootstrap,False
$Z_{2}$,0.1286712021658154,0.006762708868520928,0.12190849329729447,45,Bootstrap,False
$Z_{3}$,0.08629201668363429,0.00016756355303693127,0.08612445313059736,45,Bootstrap,False
$X_1$,0.2896169028475024,0.0011002410317257905,0.2885166618157766,46,Bootstrap,True
$Z_{1}$,0.07920310107285422,0.0,0.07920310107285422,46,Bootstrap,False
$Z_{2}$,0.07090861662223213,0.0028044313695883005,0.06810418525264383,46,Bootstrap,False
$Z_{3}$,0.09416166408881699,0.0,0.09416166408881699,46,Bootstrap,False
$X_1$,0.2848950408531987,0.006863515036542811,0.2780315258166559,47,Bootstrap,True
$Z_{1}$,0.07755076789854254,0.0,0.07755076789854254,47,Bootstrap,False
$Z_{2}$,0.09715640352504407,0.0,0.09715640352504407,47,Bootstrap,False
$Z_{3}$,0.10179003551927268,0.004106647940065322,0.09768338757920736,47,Bootstrap,False
$X_1$,0.28839381987889023,0.0,0.28839381987889023,48,Bootstrap,True
$Z_{1}$,0.09662946060941824,0.0,0.09662946060941824,48,Bootstrap,False
$Z_{2}$,0.11231281707546525,0.0007050024268329125,0.11160781464863234,48,Bootstrap,False
$Z_{3}$,0.09069319833835632,0.0,0.09069319833835632,48,Bootstrap,False
$X_1$,0.2857743368368124,0.0003055156395257441,0.28546882119728667,49,Bootstrap,True
$Z_{1}$,0.09321267486306484,0.00278325117244993,0.09042942369061491,49,Bootstrap,False
$Z_{2}$,0.11726242217956795,0.0,0.11726242217956795,49,Bootstrap,False
$Z_{3}$,0.09034571717531836,0.0,0.09034571717531836,49,Bootstrap,False
$X_1$,0.21111541083722085,0.02385443704985679,0.18726097378736406,0,K-Fold CV,True
$Z_{1}$,0.0023121609550034172,0.0,0.0023121609550034172,0,K-Fold CV,False
$Z_{2}$,0.0,0.0,0.0,0,K-Fold CV,False
$Z_{3}$,0.005473468192209285,0.0,0.005473468192209285,0,K-Fold CV,False
$X_1$,0.2353619668137501,0.013588434894511892,0.2217735319192382,1,K-Fold CV,True
$Z_{1}$,0.0,0.0067814000097921046,-0.0067814000097921046,1,K-Fold CV,False
$Z_{2}$,0.000982698936508264,0.0195494624702075,-0.018566763533699238,1,K-Fold CV,False
$Z_{3}$,0.017710980656508113,0.003570116466928841,0.014140864189579272,1,K-Fold CV,False
$X_1$,0.25183986456869834,0.0,0.25183986456869834,2,K-Fold CV,True
$Z_{1}$,0.0051730080822345315,0.027212014354786707,-0.022039006272552175,2,K-Fold CV,False
$Z_{2}$,0.011408062693310406,0.012368772064965228,-0.0009607093716548221,2,K-Fold CV,False
$Z_{3}$,0.0,0.0,0.0,2,K-Fold CV,False
$X_1$,0.2285940671959803,0.0,0.2285940671959803,3,K-Fold CV,True
$Z_{1}$,0.0032538107066200084,0.0,0.0032538107066200084,3,K-Fold CV,False
$Z_{2}$,0.020530508617636833,0.0,0.020530508617636833,3,K-Fold CV,False
$Z_{3}$,0.0,0.0,0.0,3,K-Fold CV,False
$X_1$,0.2278293591278615,0.01649825351409806,0.21133110561376345,4,K-Fold CV,True
$Z_{1}$,0.0,0.0,0.0,4,K-Fold CV,False
$Z_{2}$,0.0,0.0031409007709704007,-0.0031409007709704007,4,K-Fold CV,False
$Z_{3}$,0.02273232829190297,0.0,0.02273232829190297,4,K-Fold CV,False
$X_1$,0.20227848000991067,0.0,0.20227848000991067,5,K-Fold CV,True
$Z_{1}$,0.021986033722337872,0.016415050573220125,0.0055709831491177475,5,K-Fold CV,False
$Z_{2}$,0.0,0.0,0.0,5,K-Fold CV,False
$Z_{3}$,0.0066298121959245115,0.0,0.0066298121959245115,5,K-Fold CV,False
$X_1$,0.24321751143628312,0.0,0.24321751143628312,6,K-Fold CV,True
$Z_{1}$,0.0,0.00861582262338656,-0.00861582262338656,6,K-Fold CV,False
$Z_{2}$,0.0,0.0,0.0,6,K-Fold CV,False
$Z_{3}$,0.009008284652303633,0.005780703448177604,0.0032275812041260288,6,K-Fold CV,False
$X_1$,0.22645996498469945,0.002714626247267926,0.22374533873743152,7,K-Fold CV,True
$Z_{1}$,0.0,0.0,0.0,7,K-Fold CV,False
$Z_{2}$,0.030354389231737944,0.0,0.030354389231737944,7,K-Fold CV,False
$Z_{3}$,0.015361899096762333,0.007180196237993375,0.008181702858768958,7,K-Fold CV,False
$X_1$,0.22609570375711963,0.0,0.22609570375711963,8,K-Fold CV,True
$Z_{1}$,0.01686432995554288,0.00793515116505672,0.008929178790486159,8,K-Fold CV,False
$Z_{2}$,0.009224921532633878,0.0,0.009224921532633878,8,K-Fold CV,False
$Z_{3}$,0.0,0.0,0.0,8,K-Fold CV,False
$X_1$,0.24434610974865545,0.0037226508462588903,0.24062345890239656,9,K-Fold CV,True
$Z_{1}$,0.0,0.0,0.0,9,K-Fold CV,False
$Z_{2}$,0.005541376811331933,0.017530569741948554,-0.011989192930616621,9,K-Fold CV,False
$Z_{3}$,0.0,0.0,0.0,9,K-Fold CV,False
$X_1$,0.22961434702716255,0.00013863339968667177,0.22947571362747587,10,K-Fold CV,True
$Z_{1}$,0.004808342311345637,0.0,0.004808342311345637,10,K-Fold CV,False
$Z_{2}$,0.0045172821561068055,0.00043388207814798463,0.004083400077958821,10,K-Fold CV,False
$Z_{3}$,0.011914051262473357,0.003945566360497921,0.007968484901975437,10,K-Fold CV,False
$X_1$,0.22912636512014894,0.0,0.22912636512014894,11,K-Fold CV,True
$Z_{1}$,0.0,0.010617896285080697,-0.010617896285080697,11,K-Fold CV,False
$Z_{2}$,0.0,0.0,0.0,11,K-Fold CV,False
$Z_{3}$,0.0,0.0,0.0,11,K-Fold CV,False
$X_1$,0.2539971112392727,0.0,0.2539971112392727,12,K-Fold CV,True
$Z_{1}$,0.0,0.0,0.0,12,K-Fold CV,False
$Z_{2}$,0.0,0.0023468753401845177,-0.0023468753401845177,12,K-Fold CV,False
$Z_{3}$,0.0,0.014325665434231194,-0.014325665434231194,12,K-Fold CV,False
$X_1$,0.2299893047792385,0.0,0.2299893047792385,13,K-Fold CV,True
$Z_{1}$,0.0,0.0,0.0,13,K-Fold CV,False
$Z_{2}$,0.034327612772693694,0.0,0.034327612772693694,13,K-Fold CV,False
$Z_{3}$,0.0,0.0010043333577507418,-0.0010043333577507418,13,K-Fold CV,False
$X_1$,0.23038935289037177,0.010760618274061606,0.21962873461631016,14,K-Fold CV,True
$Z_{1}$,0.0,0.0,0.0,14,K-Fold CV,False
$Z_{2}$,0.028964853319202177,0.0,0.028964853319202177,14,K-Fold CV,False
$Z_{3}$,0.019906220491761495,0.015294083247976431,0.004612137243785064,14,K-Fold CV,False
$X_1$,0.2312439228048606,0.01423345019412503,0.21701047261073558,15,K-Fold CV,True
$Z_{1}$,0.012588275196712573,0.011359975554505741,0.0012282996422068315,15,K-Fold CV,False
$Z_{2}$,0.0,0.0,0.0,15,K-Fold CV,False
$Z_{3}$,0.0,0.0,0.0,15,K-Fold CV,False
$X_1$,0.23301629795477674,0.0,0.23301629795477674,16,K-Fold CV,True
$Z_{1}$,0.015217773700772153,0.0,0.015217773700772153,16,K-Fold CV,False
$Z_{2}$,0.0036440391971779285,0.0,0.0036440391971779285,16,K-Fold CV,False
$Z_{3}$,0.0,0.0024494865604087757,-0.0024494865604087757,16,K-Fold CV,False
$X_1$,0.22393891750391282,0.007868853261630893,0.21607006424228192,17,K-Fold CV,True
$Z_{1}$,0.009690810155972063,0.020825551149002308,-0.011134740993030245,17,K-Fold CV,False
$Z_{2}$,0.0,0.0,0.0,17,K-Fold CV,False
$Z_{3}$,0.018128647981874302,0.004492328818581637,0.013636319163292665,17,K-Fold CV,False
$X_1$,0.2248855804996348,0.0,0.2248855804996348,18,K-Fold CV,True
$Z_{1}$,0.004791384425300915,0.0,0.004791384425300915,18,K-Fold CV,False
$Z_{2}$,0.004117044183089114,0.030940339360563396,-0.026823295177474282,18,K-Fold CV,False
$Z_{3}$,0.005871811102391877,0.0029914885510704536,0.0028803225513214237,18,K-Fold CV,False
$X_1$,0.25173657659682847,0.0025484899996151,0.24918808659721337,19,K-Fold CV,True
$Z_{1}$,0.012828725162628896,0.0008595667152970776,0.011969158447331818,19,K-Fold CV,False
$Z_{2}$,0.0,0.0,0.0,19,K-Fold CV,False
$Z_{3}$,0.011004724018807366,0.029272770638137047,-0.01826804661932968,19,K-Fold CV,False
$X_1$,0.21993153609588023,0.01512650415457406,0.20480503194130617,20,K-Fold CV,True
$Z_{1}$,0.00388209573995546,0.014942188653702448,-0.011060092913746988,20,K-Fold CV,False
$Z_{2}$,0.0,0.017762365630435095,-0.017762365630435095,20,K-Fold CV,False
$Z_{3}$,0.019001839246139074,0.0017588812480489047,0.01724295799809017,20,K-Fold CV,False
$X_1$,0.2229431918111877,0.00036704821012367717,0.22257614360106404,21,K-Fold CV,True
$Z_{1}$,0.0037512115373985466,0.0,0.0037512115373985466,21,K-Fold CV,False
$Z_{2}$,0.012738675162973223,0.026735063334896392,-0.013996388171923169,21,K-Fold CV,False
$Z_{3}$,0.005087494970068551,0.003057378106057218,0.002030116864011333,21,K-Fold CV,False
$X_1$,0.24671554978856713,0.00926011230993451,0.23745543747863262,22,K-Fold CV,True
$Z_{1}$,0.0140879162909755,0.0,0.0140879162909755,22,K-Fold CV,False
$Z_{2}$,0.0,0.0,0.0,22,K-Fold CV,False
$Z_{3}$,0.0,0.014997533731821111,-0.014997533731821111,22,K-Fold CV,False
$X_1$,0.20993623834845687,0.006960765589509865,0.202975472758947,23,K-Fold CV,True
$Z_{1}$,0.006019944866421323,0.0,0.006019944866421323,23,K-Fold CV,False
$Z_{2}$,0.0,0.007097434640821909,-0.007097434640821909,23,K-Fold CV,False
$Z_{3}$,0.0016743726022414585,0.0,0.0016743726022414585,23,K-Fold CV,False
$X_1$,0.2422218938032048,0.01709700772890077,0.22512488607430403,24,K-Fold CV,True
$Z_{1}$,0.005182154095486169,0.011224183806402,-0.0060420297109158305,24,K-Fold CV,False
$Z_{2}$,0.0058689367013879945,0.0027762162854463313,0.0030927204159416632,24,K-Fold CV,False
$Z_{3}$,0.0,0.02723488264936913,-0.02723488264936913,24,K-Fold CV,False
$X_1$,0.24217555608115293,0.0,0.24217555608115293,25,K-Fold CV,True
$Z_{1}$,0.0,0.00030874078416198714,-0.00030874078416198714,25,K-Fold CV,False
$Z_{2}$,0.013684064690785647,0.027892453101892034,-0.014208388411106387,25,K-Fold CV,False
$Z_{3}$,0.0,0.0,0.0,25,K-Fold CV,False
$X_1$,0.23440377363935028,0.0,0.23440377363935028,26,K-Fold CV,True
$Z_{1}$,0.0,0.0,0.0,26,K-Fold CV,False
$Z_{2}$,0.0,0.004752358395286205,-0.004752358395286205,26,K-Fold CV,False
$Z_{3}$,0.0,0.015136906673057116,-0.015136906673057116,26,K-Fold CV,False
$X_1$,0.21710270975611556,0.008138435181843207,0.20896427457427236,27,K-Fold CV,True
$Z_{1}$,0.0,0.0,0.0,27,K-Fold CV,False
$Z_{2}$,0.026172902697470857,0.0,0.026172902697470857,27,K-Fold CV,False
$Z_{3}$,0.0,0.013854634478127181,-0.013854634478127181,27,K-Fold CV,False
$X_1$,0.22462058860974832,0.019825895228722246,0.20479469338102607,28,K-Fold CV,True
$Z_{1}$,0.0,0.0,0.0,28,K-Fold CV,False
$Z_{2}$,0.0,0.012160977238091508,-0.012160977238091508,28,K-Fold CV,False
$Z_{3}$,0.022237229514366685,0.008558170037551438,0.013679059476815247,28,K-Fold CV,False
$X_1$,0.23209997934933102,0.0,0.23209997934933102,29,K-Fold CV,True
$Z_{1}$,0.005993828668562351,0.0,0.005993828668562351,29,K-Fold CV,False
$Z_{2}$,0.0,0.0,0.0,29,K-Fold CV,False
$Z_{3}$,0.015846263354905687,0.0,0.015846263354905687,29,K-Fold CV,False
$X_1$,0.21847827536913922,0.0,0.21847827536913922,30,K-Fold CV,True
$Z_{1}$,0.015600601342283138,0.0028521583121454697,0.012748443030137668,30,K-Fold CV,False
$Z_{2}$,0.016519500447134572,0.02329751003214886,-0.0067780095850142885,30,K-Fold CV,False
$Z_{3}$,0.02052851034007741,0.016376368020528442,0.004152142319548968,30,K-Fold CV,False
$X_1$,0.17788286101585182,0.0,0.17788286101585182,31,K-Fold CV,True
$Z_{1}$,0.004934800506995796,0.0024769763338534645,0.002457824173142331,31,K-Fold CV,False
$Z_{2}$,0.006561906955758534,0.0,0.006561906955758534,31,K-Fold CV,False
$Z_{3}$,0.016928092122213467,0.0,0.016928092122213467,31,K-Fold CV,False
$X_1$,0.2575499641807537,0.0020646614316266465,0.25548530274912706,32,K-Fold CV,True
$Z_{1}$,0.0,0.0,0.0,32,K-Fold CV,False
$Z_{2}$,0.0,0.006461822459228994,-0.006461822459228994,32,K-Fold CV,False
$Z_{3}$,0.0030545766462712898,0.0,0.0030545766462712898,32,K-Fold CV,False
$X_1$,0.2645029452858285,0.0,0.2645029452858285,33,K-Fold CV,True
$Z_{1}$,0.007000966432616718,0.0029023224252648916,0.004098644007351826,33,K-Fold CV,False
$Z_{2}$,0.018560787376169063,0.014943013807513061,0.003617773568656002,33,K-Fold CV,False
$Z_{3}$,0.01787772450426628,0.0,0.01787772450426628,33,K-Fold CV,False
$X_1$,0.23683497376276041,0.0,0.23683497376276041,34,K-Fold CV,True
$Z_{1}$,0.0,0.007887209690551344,-0.007887209690551344,34,K-Fold CV,False
$Z_{2}$,0.0,0.015837755921030094,-0.015837755921030094,34,K-Fold CV,False
$Z_{3}$,0.008149259560186639,0.0,0.008149259560186639,34,K-Fold CV,False
$X_1$,0.21559369003180828,0.03932071441390805,0.17627297561790023,35,K-Fold CV,True
$Z_{1}$,0.0008352599060312826,0.0,0.0008352599060312826,35,K-Fold CV,False
$Z_{2}$,0.0,0.0021647592508555746,-0.0021647592508555746,35,K-Fold CV,False
$Z_{3}$,0.00881364276758001,0.0,0.00881364276758001,35,K-Fold CV,False
$X_1$,0.1979777658882491,0.0,0.1979777658882491,36,K-Fold CV,True
$Z_{1}$,0.0,0.0,0.0,36,K-Fold CV,False
$Z_{2}$,0.007613770713415846,0.0,0.007613770713415846,36,K-Fold CV,False
$Z_{3}$,0.0,0.0,0.0,36,K-Fold CV,False
$X_1$,0.2256581441188179,0.00405836620459743,0.22159977791422047,37,K-Fold CV,True
$Z_{1}$,0.0,0.0115463459793812,-0.0115463459793812,37,K-Fold CV,False
$Z_{2}$,0.016715611652423856,0.0,0.016715611652423856,37,K-Fold CV,False
$Z_{3}$,0.0,0.018857715979126333,-0.018857715979126333,37,K-Fold CV,False
$X_1$,0.2823790320510966,0.026914412477345717,0.2554646195737509,38,K-Fold CV,True
$Z_{1}$,0.0,0.003198824963499991,-0.003198824963499991,38,K-Fold CV,False
$Z_{2}$,0.007360218295605847,0.004217554699984749,0.003142663595621098,38,K-Fold CV,False
$Z_{3}$,0.027598167681263774,0.0,0.027598167681263774,38,K-Fold CV,False
$X_1$,0.2503167049867929,0.0,0.2503167049867929,39,K-Fold CV,True
$Z_{1}$,0.001828714019063149,0.007974410263188236,-0.006145696244125087,39,K-Fold CV,False
$Z_{2}$,0.0,0.0,0.0,39,K-Fold CV,False
$Z_{3}$,0.009398258369434753,0.0,0.009398258369434753,39,K-Fold CV,False
$X_1$,0.2305077967532856,0.0,0.2305077967532856,40,K-Fold CV,True
$Z_{1}$,0.0,0.0,0.0,40,K-Fold CV,False
$Z_{2}$,0.0,0.014988381847100829,-0.014988381847100829,40,K-Fold CV,False
$Z_{3}$,0.009013684989439774,0.013449046165582068,-0.004435361176142294,40,K-Fold CV,False
$X_1$,0.2305100330008445,0.0015796837372508143,0.22893034926359368,41,K-Fold CV,True
$Z_{1}$,0.0,0.0,0.0,41,K-Fold CV,False
$Z_{2}$,0.0,0.0,0.0,41,K-Fold CV,False
$Z_{3}$,0.01616199371346072,0.023561829780796906,-0.007399836067336185,41,K-Fold CV,False
$X_1$,0.22731057853193892,0.0,0.22731057853193892,42,K-Fold CV,True
$Z_{1}$,0.006291709305148885,0.0,0.006291709305148885,42,K-Fold CV,False
$Z_{2}$,0.004476988025621242,0.0039264127580951325,0.00055057526752611,42,K-Fold CV,False
$Z_{3}$,0.0,0.0020037182471353,-0.0020037182471353,42,K-Fold CV,False
$X_1$,0.2130917825099603,0.0,0.2130917825099603,43,K-Fold CV,True
$Z_{1}$,0.009373569563560391,0.0,0.009373569563560391,43,K-Fold CV,False
$Z_{2}$,0.0,0.0008796137988231756,-0.0008796137988231756,43,K-Fold CV,False
$Z_{3}$,0.014417406786484843,0.011758022872549123,0.00265938391393572,43,K-Fold CV,False
$X_1$,0.21905061754572874,0.0,0.21905061754572874,44,K-Fold CV,True
$Z_{1}$,0.0,0.011348292436046847,-0.011348292436046847,44,K-Fold CV,False
$Z_{2}$,0.013526736115466509,0.0,0.013526736115466509,44,K-Fold CV,False
$Z_{3}$,0.009950607371078224,0.0,0.009950607371078224,44,K-Fold CV,False
$X_1$,0.230377499729832,0.015782603257637806,0.2145948964721942,45,K-Fold CV,True
$Z_{1}$,0.006374354848428965,0.0,0.006374354848428965,45,K-Fold CV,False
$Z_{2}$,0.0045877838106958,0.0,0.0045877838106958,45,K-Fold CV,False
$Z_{3}$,0.0,0.0,0.0,45,K-Fold CV,False
$X_1$,0.206832451440065,0.0012427094879114975,0.20558974195215352,46,K-Fold CV,True
$Z_{1}$,0.00930700641538973,0.0,0.00930700641538973,46,K-Fold CV,False
$Z_{2}$,0.0016755430114572256,0.0,0.0016755430114572256,46,K-Fold CV,False
$Z_{3}$,0.015949150218625974,0.0,0.015949150218625974,46,K-Fold CV,False
$X_1$,0.22107288671105252,0.0,0.22107288671105252,47,K-Fold CV,True
$Z_{1}$,0.0,0.0,0.0,47,K-Fold CV,False
$Z_{2}$,0.009051369569115675,0.01471790549557328,-0.005666535926457605,47,K-Fold CV,False
$Z_{3}$,0.020387381586218112,0.014423169877734399,0.005964211708483713,47,K-Fold CV,False
$X_1$,0.2554309460771722,0.009033867196913015,0.2463970788802592,48,K-Fold CV,True
$Z_{1}$,0.0,0.0,0.0,48,K-Fold CV,False
$Z_{2}$,0.0,0.029388456438267596,-0.029388456438267596,48,K-Fold CV,False
$Z_{3}$,0.0,0.0035354273509580203,-0.0035354273509580203,48,K-Fold CV,False
$X_1$,0.24336057101048736,0.0,0.24336057101048736,49,K-Fold CV,True
$Z_{1}$,0.0,0.0,0.0,49,K-Fold CV,False
$Z_{2}$,0.0,0.0,0.0,49,K-Fold CV,False
$Z_{3}$,0.015149309127466815,0.0028265766655701796,0.012322732461896635,49,K-Fold CV,False
$X_1$,0.2274937515811839,0.0,0.2274937515811839,0,DGP Realizations,True
$Z_{1}$,0.0,0.002753944573554268,-0.002753944573554268,0,DGP Realizations,False
$Z_{2}$,0.009557000716136521,0.005684281744795072,0.003872718971341449,0,DGP Realizations,False
$Z_{3}$,0.0,0.0,0.0,0,DGP Realizations,False
$X_1$,0.22893863941279946,0.0,0.22893863941279946,1,DGP Realizations,True
$Z_{1}$,0.014620266235521928,0.0048546438633256805,0.009765622372196248,1,DGP Realizations,False
$Z_{2}$,0.0,0.0,0.0,1,DGP Realizations,False
$Z_{3}$,0.0,0.00045420030296750014,-0.00045420030296750014,1,DGP Realizations,False
$X_1$,0.22342152595152465,0.0,0.22342152595152465,2,DGP Realizations,True
$Z_{1}$,0.0,0.004613389319327421,-0.004613389319327421,2,DGP Realizations,False
$Z_{2}$,0.0,0.0013196234019843267,-0.0013196234019843267,2,DGP Realizations,False
$Z_{3}$,0.0,0.0,0.0,2,DGP Realizations,False
$X_1$,0.23223963001783132,0.0,0.23223963001783132,3,DGP Realizations,True
$Z_{1}$,0.005604555481861784,0.0,0.005604555481861784,3,DGP Realizations,False
$Z_{2}$,0.0,0.0,0.0,3,DGP Realizations,False
$Z_{3}$,0.0,0.006848148636739548,-0.006848148636739548,3,DGP Realizations,False
$X_1$,0.23231422501944454,0.011937395148062357,0.22037682987138218,4,DGP Realizations,True
$Z_{1}$,0.0013966145089354676,0.0010990003407713722,0.00029761416816409536,4,DGP Realizations,False
$Z_{2}$,0.004407808211009279,0.0027821867026012193,0.0016256215084080594,4,DGP Realizations,False
$Z_{3}$,0.003836692175080536,0.003905757501763585,-6.906532668304877e-05,4,DGP Realizations,False
$X_1$,0.2351645890701477,0.0080434098819544,0.2271211791881933,5,DGP Realizations,True
$Z_{1}$,0.002633867818368607,0.003750112983517351,-0.0011162451651487437,5,DGP Realizations,False
$Z_{2}$,0.0,0.0009455758827794369,-0.0009455758827794369,5,DGP Realizations,False
$Z_{3}$,0.0021781996930339,0.006512409962439847,-0.004334210269405947,5,DGP Realizations,False
$X_1$,0.23240129688688027,0.0,0.23240129688688027,6,DGP Realizations,True
$Z_{1}$,0.009690873814902634,0.0,0.009690873814902634,6,DGP Realizations,False
$Z_{2}$,0.001683457272736888,0.0040636770848494486,-0.0023802198121125606,6,DGP Realizations,False
$Z_{3}$,0.002926940748395168,0.005857647839741631,-0.002930707091346463,6,DGP Realizations,False
$X_1$,0.22367567215405648,0.0,0.22367567215405648,7,DGP Realizations,True
$Z_{1}$,0.0005027892870224093,0.0,0.0005027892870224093,7,DGP Realizations,False
$Z_{2}$,0.0,0.007664162079362047,-0.007664162079362047,7,DGP Realizations,False
$Z_{3}$,0.006533999802099455,0.0,0.006533999802099455,7,DGP Realizations,False
$X_1$,0.23711450752282137,0.009404543733132265,0.2277099637896891,8,DGP Realizations,True
$Z_{1}$,0.002203436733574815,0.0,0.002203436733574815,8,DGP Realizations,False
$Z_{2}$,0.0013929627301552117,0.00221992680920291,-0.0008269640790476984,8,DGP Realizations,False
$Z_{3}$,0.0,0.006435282327671654,-0.006435282327671654,8,DGP Realizations,False
$X_1$,0.2278036781235293,0.0,0.2278036781235293,9,DGP Realizations,True
$Z_{1}$,0.012680330815228569,0.0001852043875412157,0.012495126427687353,9,DGP Realizations,False
$Z_{2}$,7.88849087696164e-05,0.009705658061557987,-0.00962677315278837,9,DGP Realizations,False
$Z_{3}$,0.0,0.0,0.0,9,DGP Realizations,False
$X_1$,0.23190026463397895,0.008697458549698833,0.22320280608428011,10,DGP Realizations,True
$Z_{1}$,0.0005896710625363788,0.0,0.0005896710625363788,10,DGP Realizations,False
$Z_{2}$,0.009030237926177964,0.0,0.009030237926177964,10,DGP Realizations,False
$Z_{3}$,0.009499886939048352,0.009471436592951132,2.8450346097219636e-05,10,DGP Realizations,False
$X_1$,0.23154730226894005,0.007681361963792099,0.22386594030514795,11,DGP Realizations,True
$Z_{1}$,0.0008607480471778395,0.0075201817839216645,-0.006659433736743825,11,DGP Realizations,False
$Z_{2}$,0.006122793057117715,0.0031329264343673557,0.002989866622750359,11,DGP Realizations,False
$Z_{3}$,0.0,0.0,0.0,11,DGP Realizations,False
$X_1$,0.25304458597127577,0.0030673045948876876,0.24997728137638808,12,DGP Realizations,True
$Z_{1}$,0.00285296505151722,0.0,0.00285296505151722,12,DGP Realizations,False
$Z_{2}$,0.0021860274625957743,0.0016997987515687818,0.0004862287110269925,12,DGP Realizations,False
$Z_{3}$,0.0,0.005646382755289281,-0.005646382755289281,12,DGP Realizations,False
$X_1$,0.24561800380798182,0.0,0.24561800380798182,13,DGP Realizations,True
$Z_{1}$,0.0,0.008725205842120776,-0.008725205842120776,13,DGP Realizations,False
$Z_{2}$,0.004003955617112975,0.0,0.004003955617112975,13,DGP Realizations,False
$Z_{3}$,0.003751368596681459,0.0,0.003751368596681459,13,DGP Realizations,False
$X_1$,0.2368613765056562,0.0020248129908977397,0.23483656351475846,14,DGP Realizations,True
$Z_{1}$,0.0,0.0,0.0,14,DGP Realizations,False
$Z_{2}$,0.0,0.006767319067116251,-0.006767319067116251,14,DGP Realizations,False
$Z_{3}$,0.0,0.0036141709911481357,-0.0036141709911481357,14,DGP Realizations,False
$X_1$,0.22183898983493244,0.0,0.22183898983493244,15,DGP Realizations,True
$Z_{1}$,0.0028399483246843715,0.0,0.0028399483246843715,15,DGP Realizations,False
$Z_{2}$,0.0,0.0,0.0,15,DGP Realizations,False
$Z_{3}$,0.0,9.098131172180501e-05,-9.098131172180501e-05,15,DGP Realizations,False
$X_1$,0.229946847389207,0.0,0.229946847389207,16,DGP Realizations,True
$Z_{1}$,0.004886856818898888,0.005474329826057556,-0.0005874730071586676,16,DGP Realizations,False
$Z_{2}$,0.0,0.0,0.0,16,DGP Realizations,False
$Z_{3}$,0.005344512409600988,0.0,0.005344512409600988,16,DGP Realizations,False
$X_1$,0.22511241767268642,0.0,0.22511241767268642,17,DGP Realizations,True
$Z_{1}$,0.0,0.0,0.0,17,DGP Realizations,False
$Z_{2}$,0.0,0.0,0.0,17,DGP Realizations,False
$Z_{3}$,0.0,0.004116435062218038,-0.004116435062218038,17,DGP Realizations,False
$X_1$,0.24086163717539488,0.0,0.24086163717539488,18,DGP Realizations,True
$Z_{1}$,0.0,5.276019107558483e-05,-5.276019107558483e-05,18,DGP Realizations,False
$Z_{2}$,0.009140001154987587,0.0,0.009140001154987587,18,DGP Realizations,False
$Z_{3}$,0.0,0.0,0.0,18,DGP Realizations,False
$X_1$,0.23922978262345795,0.001510693383039552,0.2377190892404184,19,DGP Realizations,True
$Z_{1}$,0.0022237253099870458,0.006521527017739004,-0.004297801707751958,19,DGP Realizations,False
$Z_{2}$,0.012365945186549432,0.01299999293292764,-0.0006340477463782079,19,DGP Realizations,False
$Z_{3}$,0.0,0.0,0.0,19,DGP Realizations,False
$X_1$,0.23648857842661286,0.0,0.23648857842661286,20,DGP Realizations,True
$Z_{1}$,0.0,0.0016301606646540456,-0.0016301606646540456,20,DGP Realizations,False
$Z_{2}$,0.006033375737379831,0.0,0.006033375737379831,20,DGP Realizations,False
$Z_{3}$,0.0,7.267061050431067e-05,-7.267061050431067e-05,20,DGP Realizations,False
$X_1$,0.23077477263542456,0.003061840054821463,0.2277129325806031,21,DGP Realizations,True
$Z_{1}$,0.0019042913740192624,0.013898895943848188,-0.011994604569828926,21,DGP Realizations,False
$Z_{2}$,0.0,0.006281871052016719,-0.006281871052016719,21,DGP Realizations,False
$Z_{3}$,0.0,0.0,0.0,21,DGP Realizations,False
$X_1$,0.24568158080467306,0.0026374754069906636,0.2430441053976824,22,DGP Realizations,True
$Z_{1}$,0.0,0.0023336011349788244,-0.0023336011349788244,22,DGP Realizations,False
$Z_{2}$,0.001730339994522545,0.003098400719078853,-0.0013680607245563081,22,DGP Realizations,False
$Z_{3}$,0.002629588422261353,0.0,0.002629588422261353,22,DGP Realizations,False
$X_1$,0.2237283618201824,0.004267229342064027,0.21946113247811838,23,DGP Realizations,True
$Z_{1}$,0.0018144317236785668,0.0019714222839914974,-0.00015699056031293068,23,DGP Realizations,False
$Z_{2}$,0.0012287352575230948,0.0,0.0012287352575230948,23,DGP Realizations,False
$Z_{3}$,0.001990723728074073,0.0,0.001990723728074073,23,DGP Realizations,False
$X_1$,0.23526423159408671,0.0009262987141056556,0.23433793287998106,24,DGP Realizations,True
$Z_{1}$,0.011759973740021579,0.0009857421445031989,0.01077423159551838,24,DGP Realizations,False
$Z_{2}$,0.004245831407844847,0.0,0.004245831407844847,24,DGP Realizations,False
$Z_{3}$,0.0,6.896412716894673e-05,-6.896412716894673e-05,24,DGP Realizations,False
$X_1$,0.23425487308126414,0.0,0.23425487308126414,25,DGP Realizations,True
$Z_{1}$,0.0,0.0,0.0,25,DGP Realizations,False
$Z_{2}$,0.008406401855403978,0.0012529604923496862,0.0071534413630542915,25,DGP Realizations,False
$Z_{3}$,0.0,0.0051618334100576035,-0.0051618334100576035,25,DGP Realizations,False
$X_1$,0.23621115439456442,0.0011380812599135481,0.23507307313465087,26,DGP Realizations,True
$Z_{1}$,0.0,0.0,0.0,26,DGP Realizations,False
$Z_{2}$,2.9034126211691103e-05,0.0,2.9034126211691103e-05,26,DGP Realizations,False
$Z_{3}$,0.0,0.007259900319549928,-0.007259900319549928,26,DGP Realizations,False
$X_1$,0.23783545500996506,0.007488333934755342,0.23034712107520972,27,DGP Realizations,True
$Z_{1}$,0.0020048560512693214,0.0,0.0020048560512693214,27,DGP Realizations,False
$Z_{2}$,0.003321916657496704,0.0024643393742160846,0.0008575772832806194,27,DGP Realizations,False
$Z_{3}$,0.004909593243602739,0.0,0.004909593243602739,27,DGP Realizations,False
$X_1$,0.2525058771283841,0.0019183460660343599,0.25058753106234977,28,DGP Realizations,True
$Z_{1}$,0.0017944762727877261,0.0,0.0017944762727877261,28,DGP Realizations,False
$Z_{2}$,0.0,0.0,0.0,28,DGP Realizations,False
$Z_{3}$,0.008692983068600224,0.0,0.008692983068600224,28,DGP Realizations,False
$X_1$,0.23150302290692348,0.0028959032114865835,0.2286071196954369,29,DGP Realizations,True
$Z_{1}$,0.004547392717292098,0.0,0.004547392717292098,29,DGP Realizations,False
$Z_{2}$,0.0008880933357833243,0.006198147954840749,-0.005310054619057425,29,DGP Realizations,False
$Z_{3}$,0.004390132603057317,0.0023505937712071656,0.0020395388318501517,29,DGP Realizations,False
$X_1$,0.24043570370744938,0.0,0.24043570370744938,30,DGP Realizations,True
$Z_{1}$,0.005209353341819156,0.0013710599443954585,0.0038382933974236977,30,DGP Realizations,False
$Z_{2}$,0.0008145356769575507,0.0,0.0008145356769575507,30,DGP Realizations,False
$Z_{3}$,0.0,0.0,0.0,30,DGP Realizations,False
$X_1$,0.23147699240344033,0.0,0.23147699240344033,31,DGP Realizations,True
$Z_{1}$,0.006313611131603114,0.0006044769788249305,0.005709134152778184,31,DGP Realizations,False
$Z_{2}$,0.008800356147247612,0.001964973110881729,0.006835383036365883,31,DGP Realizations,False
$Z_{3}$,0.003415010697166654,0.0013731351879795461,0.0020418755091871077,31,DGP Realizations,False
$X_1$,0.22608273373900967,0.004804327235328643,0.22127840650368102,32,DGP Realizations,True
$Z_{1}$,0.001887534594727569,0.0,0.001887534594727569,32,DGP Realizations,False
$Z_{2}$,0.0,0.0019718396586827502,-0.0019718396586827502,32,DGP Realizations,False
$Z_{3}$,0.0,0.0017061929244075458,-0.0017061929244075458,32,DGP Realizations,False
$X_1$,0.2360101765839595,0.0,0.2360101765839595,33,DGP Realizations,True
$Z_{1}$,0.005298353558468527,0.0,0.005298353558468527,33,DGP Realizations,False
$Z_{2}$,0.0,0.012299042440793606,-0.012299042440793606,33,DGP Realizations,False
$Z_{3}$,0.0,0.0,0.0,33,DGP Realizations,False
$X_1$,0.21478058319201554,0.00798739552695693,0.2067931876650586,34,DGP Realizations,True
$Z_{1}$,0.0,0.0,0.0,34,DGP Realizations,False
$Z_{2}$,0.0,0.008666545488981825,-0.008666545488981825,34,DGP Realizations,False
$Z_{3}$,0.006415390663591758,0.0,0.006415390663591758,34,DGP Realizations,False
$X_1$,0.22595875535911203,0.0,0.22595875535911203,35,DGP Realizations,True
$Z_{1}$,0.0027963203866891995,0.0,0.0027963203866891995,35,DGP Realizations,False
$Z_{2}$,0.0057193403841862,0.00790990972772665,-0.0021905693435404494,35,DGP Realizations,False
$Z_{3}$,0.0,0.0,0.0,35,DGP Realizations,False
$X_1$,0.22549802430734944,0.0015845435313863732,0.22391348077596307,36,DGP Realizations,True
$Z_{1}$,0.0015310305760394272,0.0,0.0015310305760394272,36,DGP Realizations,False
$Z_{2}$,0.0007999197732750929,0.0,0.0007999197732750929,36,DGP Realizations,False
$Z_{3}$,0.0,0.0008722382575037102,-0.0008722382575037102,36,DGP Realizations,False
$X_1$,0.2295812916589397,0.0,0.2295812916589397,37,DGP Realizations,True
$Z_{1}$,0.007073791576567512,0.0,0.007073791576567512,37,DGP Realizations,False
$Z_{2}$,0.009952389663212546,0.0,0.009952389663212546,37,DGP Realizations,False
$Z_{3}$,0.002470982100367003,0.0,0.002470982100367003,37,DGP Realizations,False
$X_1$,0.22429644968083262,0.01072612867948175,0.21357032100135087,38,DGP Realizations,True
$Z_{1}$,0.002588207012492738,0.0,0.002588207012492738,38,DGP Realizations,False
$Z_{2}$,0.0,0.0031161119826812467,-0.0031161119826812467,38,DGP Realizations,False
$Z_{3}$,0.0025328747803223806,0.0,0.0025328747803223806,38,DGP Realizations,False
$X_1$,0.24256791928117383,0.0,0.24256791928117383,39,DGP Realizations,True
$Z_{1}$,0.0,0.0,0.0,39,DGP Realizations,False
$Z_{2}$,0.005028009341744966,3.260583460917843e-05,0.004995403507135787,39,DGP Realizations,False
$Z_{3}$,0.0006408980094110284,0.0,0.0006408980094110284,39,DGP Realizations,False
$X_1$,0.2230107967070547,0.0006138289164727695,0.22239696779058193,40,DGP Realizations,True
$Z_{1}$,0.0,0.005746532523072556,-0.005746532523072556,40,DGP Realizations,False
$Z_{2}$,0.004366426688776848,0.0,0.004366426688776848,40,DGP Realizations,False
$Z_{3}$,0.0,0.0,0.0,40,DGP Realizations,False
$X_1$,0.2222082239937635,0.0021678418501425156,0.22004038214362098,41,DGP Realizations,True
$Z_{1}$,0.003999644396806001,0.012677316919294412,-0.008677672522488411,41,DGP Realizations,False
$Z_{2}$,0.00596321683467993,0.0,0.00596321683467993,41,DGP Realizations,False
$Z_{3}$,0.00016166718134735802,0.0,0.00016166718134735802,41,DGP Realizations,False
$X_1$,0.23308049907771422,0.005253908527173667,0.22782659055054055,42,DGP Realizations,True
$Z_{1}$,0.007619755721206989,0.0010746858401078363,0.0065450698810991526,42,DGP Realizations,False
$Z_{2}$,0.0,0.0021547014954732546,-0.0021547014954732546,42,DGP Realizations,False
$Z_{3}$,0.0,0.004206496588367248,-0.004206496588367248,42,DGP Realizations,False
$X_1$,0.23237729395157958,0.002373208118642278,0.2300040858329373,43,DGP Realizations,True
$Z_{1}$,0.0,0.0,0.0,43,DGP Realizations,False
$Z_{2}$,0.0,0.0,0.0,43,DGP Realizations,False
$Z_{3}$,0.0,0.0,0.0,43,DGP Realizations,False
$X_1$,0.23535995551040134,0.0,0.23535995551040134,44,DGP Realizations,True
$Z_{1}$,0.0,0.0,0.0,44,DGP Realizations,False
$Z_{2}$,0.0015002447183594114,0.0005016561385970952,0.0009985885797623162,44,DGP Realizations,False
$Z_{3}$,0.0,0.002126237626883576,-0.002126237626883576,44,DGP Realizations,False
$X_1$,0.2232727024401302,0.006184411788539457,0.21708829065159074,45,DGP Realizations,True
$Z_{1}$,0.0,0.0,0.0,45,DGP Realizations,False
$Z_{2}$,0.0,0.004419104089049775,-0.004419104089049775,45,DGP Realizations,False
$Z_{3}$,0.0,0.010261613212263487,-0.010261613212263487,45,DGP Realizations,False
$X_1$,0.23337688428303105,0.002489371018130182,0.23088751326490087,46,DGP Realizations,True
$Z_{1}$,0.0,0.0,0.0,46,DGP Realizations,False
$Z_{2}$,0.0,0.0,0.0,46,DGP Realizations,False
$Z_{3}$,0.0013645566385847019,0.0,0.0013645566385847019,46,DGP Realizations,False
$X_1$,0.21176015302933426,0.0,0.21176015302933426,47,DGP Realizations,True
$Z_{1}$,0.0,0.0,0.0,47,DGP Realizations,False
$Z_{2}$,0.0002460453831969467,0.004604168860338653,-0.0043581234771417066,47,DGP Realizations,False
$Z_{3}$,0.0,0.002327786555075484,-0.002327786555075484,47,DGP Realizations,False
$X_1$,0.2427249881465645,0.0,0.2427249881465645,48,DGP Realizations,True
$Z_{1}$,0.007171490728004937,0.0014102747267825677,0.005761216001222369,48,DGP Realizations,False
$Z_{2}$,0.000797174882915197,0.003775491295873401,-0.002978316412958204,48,DGP Realizations,False
$Z_{3}$,0.0006351100218129346,0.007455508086168017,-0.006820398064355082,48,DGP Realizations,False
$X_1$,0.21244371343741886,0.0006813141304955472,0.2117623993069233,49,DGP Realizations,True
$Z_{1}$,0.0007398973820529342,0.0,0.0007398973820529342,49,DGP Realizations,False
$Z_{2}$,0.005073717329884708,0.0,0.005073717329884708,49,DGP Realizations,False
$Z_{3}$,0.0011114116627326531,0.0,0.0011114116627326531,49,DGP Realizations,False
