index,signal_factor,protocol,n,is_info,mean,std,median,min,max,feature_group
0,0.5,Bootstrap,32,False,0.07871684912184315,0.10739171804613365,0.057397272224353424,-0.3091571446145778,0.5010388916638919,noise
1,0.5,Bootstrap,32,True,0.09556357099013647,0.12162031263837747,0.07747779580212488,-0.3117336670343671,0.6639331168900671,informative
2,0.5,Bootstrap,64,False,0.09014363406866678,0.08451535905985569,0.08366050365099609,-0.17208108443152126,0.3806678774289274,noise
3,0.5,Bootstrap,64,True,0.08090781920876798,0.08143267902369214,0.07691390362861883,-0.12008519543944551,0.41927316978342843,informative
4,0.5,Bootstrap,128,False,0.078003732234801,0.05749699132297158,0.07687284440995468,-0.10000536133816107,0.31023161864108584,noise
5,0.5,Bootstrap,128,True,0.10521800271854473,0.061698419693242655,0.10488179745639559,-0.10240426863100893,0.3082885962698332,informative
6,0.5,Bootstrap,256,False,0.08716557100867867,0.04204359092819405,0.08610374213560146,-0.06944273820974489,0.22639356558654766,noise
7,0.5,Bootstrap,256,True,0.12019340407541047,0.04329268590043286,0.12051045670122007,-0.0329528567864239,0.25350034484868056,informative
8,0.5,Bootstrap,512,False,0.08988393417883384,0.029859034532024025,0.08950115589576857,-0.030436833348606918,0.1837046126122459,noise
9,0.5,Bootstrap,512,True,0.10981461772789353,0.031072995069975295,0.10954671184396947,-0.006855703827107984,0.2239757056796856,informative
10,0.5,Bootstrap,1024,False,0.09715565245508119,0.021887385314619465,0.09682802108644206,0.028732154431908796,0.16689381432382344,noise
11,0.5,Bootstrap,1024,True,0.11909716074274997,0.022163352283396037,0.11876518327058805,0.04346982652548492,0.19496250741726495,informative
12,0.5,Bootstrap,2048,False,0.09842209067497074,0.015650243780011893,0.09868492606999535,0.04112338398082871,0.152753421049451,noise
13,0.5,Bootstrap,2048,True,0.12293161134149377,0.0146148441147264,0.12305841921753657,0.07153306113987812,0.16503193983961228,informative
14,0.5,Bootstrap,4096,False,0.09841628605712913,0.010635736968571147,0.09833460483811218,0.056366032585863035,0.13608530950478315,noise
15,0.5,Bootstrap,4096,True,0.11964620169252578,0.011223373324787832,0.11928273301403247,0.0842074426707442,0.15324256501763323,informative
16,0.5,Bootstrap,8192,False,0.09870997027884744,0.00751085473161746,0.09874675437294833,0.06474140026340747,0.12593828951577812,noise
17,0.5,Bootstrap,8192,True,0.12357076755631606,0.007477465628432418,0.12352085386602907,0.09651805677800107,0.14397659473442648,informative
18,0.5,DGP Realizations,32,False,0.007331601284639798,0.06831061201943478,0.0,-0.21635948443591912,0.2883527753727084,noise
19,0.5,DGP Realizations,32,True,0.022211363217050025,0.08666488458232537,0.0014748031449882681,-0.2588751744922133,0.35211788587495185,informative
20,0.5,DGP Realizations,64,False,-0.0013133387078953767,0.04126289270579243,0.0,-0.15228701073004336,0.13102316520285262,noise
21,0.5,DGP Realizations,64,True,0.0212140369771482,0.05732630578542274,0.006269296552046555,-0.13439915642787215,0.18627518955910816,informative
22,0.5,DGP Realizations,128,False,0.0001946134828621348,0.029571558365250522,0.0,-0.09479954493704312,0.1033073963138631,noise
23,0.5,DGP Realizations,128,True,0.020896225519391923,0.04605633514250979,0.01547496836277551,-0.08936676097251794,0.19223043356406588,informative
24,0.5,DGP Realizations,256,False,-0.0012133631556362095,0.020902954183702784,0.0,-0.06730452782789031,0.05476490335984163,noise
25,0.5,DGP Realizations,256,True,0.01970901095183563,0.02832435052833746,0.017346613888075346,-0.04465552729062239,0.11976035815774688,informative
26,0.5,DGP Realizations,512,False,0.0010746024965985054,0.015139091801324655,0.0,-0.061741758921709966,0.04889776599710327,noise
27,0.5,DGP Realizations,512,True,0.024427561653280465,0.021931436585285922,0.0225119065244761,-0.027855848417297935,0.07830187488091589,informative
28,0.5,DGP Realizations,1024,False,-0.0003529461875582971,0.010086517844316252,0.0,-0.03319253074885342,0.032073690249442066,noise
29,0.5,DGP Realizations,1024,True,0.020442723289480463,0.016018516567828003,0.021031408368686222,-0.02948417830056993,0.05778136755982466,informative
30,0.5,DGP Realizations,2048,False,8.781644289570068e-06,0.00701436426247689,0.0,-0.022952801276713508,0.024301427047803692,noise
31,0.5,DGP Realizations,2048,True,0.02472189014432029,0.010707150516418823,0.02439067235316461,-0.010424732045871465,0.04664181731068062,informative
32,0.5,DGP Realizations,4096,False,0.0004278491614211816,0.004781759476410717,0.0,-0.015045701914870868,0.015381420692423653,noise
33,0.5,DGP Realizations,4096,True,0.026440026459139454,0.008313271202508797,0.027854237478274424,-0.0005805119662172231,0.04261574694520398,informative
34,0.5,DGP Realizations,8192,False,-0.00019447370247769398,0.0036089921731794535,0.0,-0.01270390349161854,0.011400584983927597,noise
35,0.5,DGP Realizations,8192,True,0.02653347616381089,0.005536553009558336,0.026327958408158825,0.007034703585430346,0.03860151835308079,informative
36,0.5,K-Fold CV,32,False,0.0012083333333333325,0.07496802651056328,0.0,-0.8333333333333331,0.8333333333333331,noise
37,0.5,K-Fold CV,32,True,0.0013333333333333335,0.061930533232825075,0.0,-0.8333333333333331,0.8333333333333331,informative
38,0.5,K-Fold CV,64,False,-0.007176190476190478,0.1548499732442103,0.0,-0.7119047619047618,0.7595238095238095,noise
39,0.5,K-Fold CV,64,True,0.008368650793650796,0.16474295816218204,0.0,-0.7,0.7,informative
40,0.5,K-Fold CV,128,False,-0.0015081572748239366,0.08000387220031516,0.0,-0.5172216672216674,0.457850482850483,noise
41,0.5,K-Fold CV,128,True,0.016245258907758874,0.09765104157851455,0.0,-0.6147491397491398,0.480377955377955,informative
42,0.5,K-Fold CV,256,False,0.0002892782334098602,0.07022820758122046,0.0,-0.38285467014999863,0.35043214395824207,noise
43,0.5,K-Fold CV,256,True,0.030125834136733014,0.08913883223611441,0.0,-0.31051650404260145,0.4170129676092016,informative
44,0.5,K-Fold CV,512,False,-0.00036666794510257177,0.04864543436851953,0.0,-0.24578812511338421,0.23460492432218882,noise
45,0.5,K-Fold CV,512,True,0.01893396989200089,0.05975614772998729,0.003466403932416151,-0.2436678574841713,0.22530442043821175,informative
46,0.5,K-Fold CV,1024,False,-0.0004539922643896217,0.03457039876174994,0.0,-0.1563823509158615,0.13864593666414793,noise
47,0.5,K-Fold CV,1024,True,0.019210627629544057,0.04363900797077487,0.01220941015939081,-0.15564834825175744,0.17880537257859652,informative
48,0.5,K-Fold CV,2048,False,-0.001769298744433779,0.023621727427979394,0.0,-0.10962054186749581,0.09757525778642195,noise
49,0.5,K-Fold CV,2048,True,0.020532326129940794,0.032533895558911965,0.018853355048146003,-0.09527715625985911,0.12956372466559118,informative
50,0.5,K-Fold CV,4096,False,-8.626360276478748e-05,0.01696311540832055,0.0,-0.06564773046878791,0.06519985233166636,noise
51,0.5,K-Fold CV,4096,True,0.023280544969322758,0.02327911002752529,0.022433686598440472,-0.060028831032735486,0.08855393703707337,informative
52,0.5,K-Fold CV,8192,False,-0.00023909561302169755,0.011638877286863568,0.0,-0.05709335211849753,0.04844365586216037,noise
53,0.5,K-Fold CV,8192,True,0.02439610069941811,0.017610141090945396,0.024707044317991755,-0.035099232838897265,0.0822749769986082,informative
54,2.0,Bootstrap,32,False,0.0684728174437892,0.10644761895533496,0.04610640294783375,-0.24958664666245256,0.6211999819694316,noise
55,2.0,Bootstrap,32,True,0.303165118873128,0.1613670267597146,0.31018627309327584,-0.1751723984418483,0.6913454359843709,informative
56,2.0,Bootstrap,64,False,0.0863716375837646,0.08018046984105867,0.07881221847831021,-0.1462872170876821,0.45043842712226834,noise
57,2.0,Bootstrap,64,True,0.2670322948332723,0.1096284942631441,0.26380820042125563,-0.03292645762566204,0.600602769426672,informative
58,2.0,Bootstrap,128,False,0.07581219761333703,0.05715770388768228,0.07172096775319092,-0.09732376621109484,0.31695665863443745,noise
59,2.0,Bootstrap,128,True,0.27458129817893673,0.0692721391268922,0.2763889411036474,0.0669919751983814,0.5178756510860174,informative
60,2.0,Bootstrap,256,False,0.09109281525373356,0.04166138868301414,0.09073143293925767,-0.036505137193624915,0.24198934769300529,noise
61,2.0,Bootstrap,256,True,0.2895417216294768,0.04637830053481726,0.2884772138555024,0.16148313290115768,0.42881462079432753,informative
62,2.0,Bootstrap,512,False,0.09602179898484281,0.030368134387577173,0.09650688217260694,-0.004552259787270252,0.20913469371383697,noise
63,2.0,Bootstrap,512,True,0.28544766630737356,0.03692402678403029,0.2846802680321172,0.1814285386738974,0.3986997354079591,informative
64,2.0,Bootstrap,1024,False,0.09753128954429038,0.021611744554703483,0.09744891200430295,0.02479308218973708,0.17415350300568733,noise
65,2.0,Bootstrap,1024,True,0.27895532254961164,0.025835792384640233,0.28008975007522185,0.20057168183733243,0.3598217262887331,informative
66,2.0,Bootstrap,2048,False,0.09839136177239037,0.01507380620527016,0.09822302062102573,0.038611347655811645,0.14536810433898184,noise
67,2.0,Bootstrap,2048,True,0.2899416447336788,0.01742152717656196,0.2897645619889422,0.23061111779434418,0.34083276476678526,informative
68,2.0,Bootstrap,4096,False,0.09584265786499994,0.01011856732751401,0.09601689152906134,0.06098135931787674,0.13497615418932618,noise
69,2.0,Bootstrap,4096,True,0.2883613217536064,0.011481001450542157,0.2886698429100961,0.250107917855364,0.3246099331036394,informative
70,2.0,Bootstrap,8192,False,0.09757984505580147,0.007493144149723088,0.09775506295527858,0.0676275386123808,0.1226682008378095,noise
71,2.0,Bootstrap,8192,True,0.2945196407008239,0.009059439894430027,0.29431757756678345,0.27129122270033856,0.3249667007017101,informative
72,2.0,DGP Realizations,32,False,0.0036767578268154396,0.0719150654880831,0.0,-0.34649703903767337,0.2496645940096529,noise
73,2.0,DGP Realizations,32,True,0.2526642916197676,0.12035239663340848,0.24920935698073854,-0.0504076040381185,0.5695818070818071,informative
74,2.0,DGP Realizations,64,False,-0.0028211006643340084,0.04097310608583887,0.0,-0.168872065296096,0.1415638194207931,noise
75,2.0,DGP Realizations,64,True,0.2335755237239927,0.08381310199308172,0.24387782104402933,0.00969443966469452,0.43675905076362764,informative
76,2.0,DGP Realizations,128,False,0.0006301832585947936,0.03292646731660877,0.0,-0.13186018973298408,0.11554156001490412,noise
77,2.0,DGP Realizations,128,True,0.23976772420658643,0.05795087742187409,0.23628346935727307,0.08402827801496748,0.3623798302403123,informative
78,2.0,DGP Realizations,256,False,0.0020029984962200297,0.019217896028672195,0.0,-0.06295228265248198,0.08330123368070819,noise
79,2.0,DGP Realizations,256,True,0.22741296711481593,0.04290731740510693,0.22712093885782014,0.12332967762733027,0.31740541141251977,informative
80,2.0,DGP Realizations,512,False,0.0021727815875057224,0.015240865128622653,0.0,-0.04113981297136782,0.059671319491929165,noise
81,2.0,DGP Realizations,512,True,0.23338241414367497,0.026226837788226993,0.23071962931380874,0.16327768572844414,0.30884945529898533,informative
82,2.0,DGP Realizations,1024,False,0.0009854379931405815,0.010618530566852098,0.0,-0.03266485781232964,0.03511620101607882,noise
83,2.0,DGP Realizations,1024,True,0.22699229081911892,0.020087789954319743,0.23102395620260396,0.15588429899089729,0.28556058132532613,informative
84,2.0,DGP Realizations,2048,False,0.000497923879039714,0.006909318885917961,0.0,-0.020285410440514795,0.025878075998485794,noise
85,2.0,DGP Realizations,2048,True,0.2281804028012926,0.014062323542978167,0.22858108772724717,0.19248026239731053,0.2642433776901387,informative
86,2.0,DGP Realizations,4096,False,-0.00046013006986875146,0.005055842365428846,0.0,-0.02337121074447346,0.015181371069981076,noise
87,2.0,DGP Realizations,4096,True,0.22763855385716278,0.009971385729010558,0.2287765410484508,0.20105648357575223,0.24650261261350792,informative
88,2.0,DGP Realizations,8192,False,-0.00027123073182213335,0.0038616407480391328,0.0,-0.015964139629232044,0.010016946879066513,noise
89,2.0,DGP Realizations,8192,True,0.2298031650415211,0.0065819178509765215,0.2298297199677064,0.21736259226202037,0.24698620795438564,informative
90,2.0,K-Fold CV,32,False,0.0012361111111111106,0.07685876542701994,0.0,-0.8333333333333331,0.8333333333333331,noise
91,2.0,K-Fold CV,32,True,0.005208333333333332,0.08259363693190537,0.0,-0.8333333333333331,0.8333333333333331,informative
92,2.0,K-Fold CV,64,False,-0.0006798941798941814,0.15761083596811987,0.0,-0.7833333333333332,0.7277777777777779,noise
93,2.0,K-Fold CV,64,True,0.10608452380952384,0.21633612177814876,0.0,-0.7,0.7833333333333332,informative
94,2.0,K-Fold CV,128,False,-0.0006767441663275021,0.08002208011677316,0.0,-0.5223575036075039,0.5406114718614727,noise
95,2.0,K-Fold CV,128,True,0.14638277162652158,0.1619254134669771,0.11658318533318579,-0.48138250638250635,0.6993645243645246,informative
96,2.0,K-Fold CV,256,False,0.0013513267716415828,0.06524203877658521,0.0,-0.32860978323362255,0.462684562479891,noise
97,2.0,K-Fold CV,256,True,0.2362763554918235,0.13509662252578605,0.23741394751722622,-0.24753633895542682,0.6489879009879012,informative
98,2.0,K-Fold CV,512,False,-0.0005168329403978363,0.048837824546180506,0.0,-0.25140415755078727,0.24415232437618872,noise
99,2.0,K-Fold CV,512,True,0.23488883057248333,0.09105054280792986,0.2321655836515203,-0.03397881147469395,0.5069762949847139,informative
100,2.0,K-Fold CV,1024,False,-5.2631102590893434e-05,0.034222338934280505,0.0,-0.15538541802844863,0.16878297310872048,noise
101,2.0,K-Fold CV,1024,True,0.21937866685599214,0.06493781654656197,0.22061195691923774,-0.017493257103358584,0.4103770174753918,informative
102,2.0,K-Fold CV,2048,False,-0.0011030238888848564,0.023521203044587876,0.0,-0.12270323637569014,0.10767094008659228,noise
103,2.0,K-Fold CV,2048,True,0.22831855365262732,0.04500426779773162,0.22892704054240987,0.020281235623427207,0.38464987759032065,informative
104,2.0,K-Fold CV,4096,False,-7.14388285199193e-05,0.01684162142813848,0.0,-0.09904852563014499,0.08323482020967754,noise
105,2.0,K-Fold CV,4096,True,0.2271959030762403,0.032462134105298704,0.2279332506587054,0.1044195189577195,0.32354430404137724,informative
106,2.0,K-Fold CV,8192,False,8.01142315529965e-05,0.011744650738141531,0.0,-0.04507140355233963,0.06172062537723377,noise
107,2.0,K-Fold CV,8192,True,0.22997662446328748,0.023943052686038985,0.2303270759556615,0.1537501522366389,0.30276801041176093,informative
108,10.0,Bootstrap,32,False,0.07274195331241773,0.11547655724694961,0.042689522512523004,-0.31290101515164404,0.7534496142976725,noise
109,10.0,Bootstrap,32,True,0.5086252380494724,0.10436116287867067,0.521481140722169,0.14172278599230426,1.006691207773641,informative
110,10.0,Bootstrap,64,False,0.08023183570225094,0.08325797909098032,0.07097365029630787,-0.19872582055766985,0.4528884629145544,noise
111,10.0,Bootstrap,64,True,0.5634706320008198,0.06594190147425795,0.5693790166853839,0.31523477138644496,0.7005324270192479,informative
112,10.0,Bootstrap,128,False,0.08172122231319665,0.05865560605159614,0.08134539992852008,-0.11866459546609676,0.2663047281610056,noise
113,10.0,Bootstrap,128,True,0.5510197870535409,0.05144021366242138,0.5548462392227511,0.3520824541834975,0.6873371660659418,informative
114,10.0,Bootstrap,256,False,0.08607428525858586,0.04097572590758146,0.08591766217818053,-0.04182427169707914,0.24030881280463712,noise
115,10.0,Bootstrap,256,True,0.5763086282117239,0.03945477286806153,0.5785902334536179,0.40645936518704584,0.6666333613247972,informative
116,10.0,Bootstrap,512,False,0.09194680325977976,0.031421676322139123,0.09270795590911196,-0.025468880173244557,0.1988522585589716,noise
117,10.0,Bootstrap,512,True,0.5651185551830856,0.02613989322416456,0.5666429843678716,0.4651276508544848,0.6378482891561577,informative
118,10.0,Bootstrap,1024,False,0.09513567413208968,0.021231846492220482,0.09618846434640793,0.012210497338993598,0.1676802916745146,noise
119,10.0,Bootstrap,1024,True,0.5780650303910568,0.01691478197652142,0.5776474550633414,0.5263152541208309,0.6243720473846639,informative
120,10.0,Bootstrap,2048,False,0.09614216901198104,0.015048253116740046,0.09618761418042787,0.0462180660668885,0.14931418674049013,noise
121,10.0,Bootstrap,2048,True,0.5774217768194319,0.014640059818301208,0.5775800966179605,0.527378131902559,0.6201277582796711,informative
122,10.0,Bootstrap,4096,False,0.09567478017137902,0.010446612604655918,0.09595986860267214,0.05344282475887541,0.1341035830303472,noise
123,10.0,Bootstrap,4096,True,0.5751537807034672,0.007912197466413931,0.5757268671100292,0.5487316391607799,0.6010050806203506,informative
124,10.0,Bootstrap,8192,False,0.09803291886141703,0.007523283246415827,0.09811387729872378,0.06981447766407278,0.12386537264397735,noise
125,10.0,Bootstrap,8192,True,0.5795028421467526,0.006772793796583712,0.5798130490767803,0.5490328589293159,0.598037533499107,informative
126,10.0,DGP Realizations,32,False,-0.003301276308025918,0.06064997206626968,0.0,-0.29559572712877014,0.3512016515620937,noise
127,10.0,DGP Realizations,32,True,0.5393259603761403,0.07566831472533567,0.5426035857562109,0.3276814234849259,0.7008130772075267,informative
128,10.0,DGP Realizations,64,False,0.0005470682638058371,0.043068796269859606,0.0,-0.17394113610239081,0.2471100269844977,noise
129,10.0,DGP Realizations,64,True,0.5593932736623265,0.0626028362741957,0.5611781790122086,0.3838440334369402,0.6952915416025816,informative
130,10.0,DGP Realizations,128,False,2.3531595897270385e-06,0.03332081923529348,0.0,-0.12202578838276379,0.1390457703004735,noise
131,10.0,DGP Realizations,128,True,0.5656950170100953,0.044577712436542384,0.5628218214315082,0.4714580541284352,0.6629553053192183,informative
132,10.0,DGP Realizations,256,False,0.00021397669165019106,0.02078700021646783,0.0,-0.07928786814299071,0.05827693807988332,noise
133,10.0,DGP Realizations,256,True,0.5617566821130746,0.030013420306108377,0.5622428683375631,0.4645880905863182,0.6222676529462716,informative
134,10.0,DGP Realizations,512,False,0.001255271179873427,0.016881173966633793,0.0,-0.04682624092088261,0.06346967514347668,noise
135,10.0,DGP Realizations,512,True,0.5625382046637399,0.022981008178916493,0.5643809537617877,0.4755243829379405,0.6070079121957885,informative
136,10.0,DGP Realizations,1024,False,0.0004210876526737494,0.010345974054821478,0.0,-0.03979876308440122,0.038179407782558794,noise
137,10.0,DGP Realizations,1024,True,0.561840678897244,0.015760973251807035,0.560292830165042,0.5150985239093582,0.6059232076352223,informative
138,10.0,DGP Realizations,2048,False,-0.0002603550787816517,0.007151871502732992,0.0,-0.021198471847950984,0.021558999823421132,noise
139,10.0,DGP Realizations,2048,True,0.5628878877943378,0.011943105600670696,0.5637319362796391,0.5272130170325167,0.5900418268539915,informative
140,10.0,DGP Realizations,4096,False,-0.0005709368673423941,0.0049231647020366205,0.0,-0.01742755352582881,0.013299714973094012,noise
141,10.0,DGP Realizations,4096,True,0.5627141739627842,0.00688637792879925,0.5626699939961641,0.5454105321586256,0.5763164977548612,informative
142,10.0,DGP Realizations,8192,False,-0.0006161772367477464,0.0036439941293374654,0.0,-0.014273393343163576,0.009413194355795795,noise
143,10.0,DGP Realizations,8192,True,0.5640552168009106,0.005624799275631262,0.5640519371559245,0.5501670622911603,0.5806264847154647,informative
144,10.0,K-Fold CV,32,False,0.000875,0.0751423391194277,0.0,-0.8333333333333331,0.8333333333333331,noise
145,10.0,K-Fold CV,32,True,0.015999999999999993,0.10723131123727443,0.0,-0.5,0.8333333333333331,informative
146,10.0,K-Fold CV,64,False,-0.0017703703703703692,0.16004602940724724,0.0,-0.7833333333333332,0.7499999999999998,noise
147,10.0,K-Fold CV,64,True,0.26319484126984133,0.24198811873204593,0.28333333333333355,-0.6722222222222225,0.7833333333333332,informative
148,10.0,K-Fold CV,128,False,-0.001764425389425388,0.07909756984000602,0.0,-0.5023865023865022,0.46383061383061386,noise
149,10.0,K-Fold CV,128,True,0.3710876082251083,0.14242341833602054,0.38026175213675173,-0.2524801587301586,0.6993645243645246,informative
150,10.0,K-Fold CV,256,False,0.00161741998044912,0.06523986960047644,0.0,-0.3393546701499983,0.38310501093540705,noise
151,10.0,K-Fold CV,256,True,0.5101880209973821,0.0984079387743309,0.5229831239611449,0.020741591741591625,0.709788919661172,informative
152,10.0,K-Fold CV,512,False,-0.0004897236654892407,0.04918437396068778,0.0,-0.24961829126077384,0.22417766626016555,noise
153,10.0,K-Fold CV,512,True,0.5490401185245778,0.07107770155814272,0.5526183917992012,0.21317679174803583,0.6973949735472607,informative
154,10.0,K-Fold CV,1024,False,0.0011122095551726631,0.034135191505930626,0.0,-0.1830750937271466,0.1664598847542087,noise
155,10.0,K-Fold CV,1024,True,0.5633041716576721,0.0484009019739457,0.5664367000008794,0.3829629744158851,0.6891526352033188,informative
156,10.0,K-Fold CV,2048,False,-0.000815564726227632,0.023952405626162975,0.0,-0.09561349980712253,0.11098039959371642,noise
157,10.0,K-Fold CV,2048,True,0.5619616129939954,0.03584413010587322,0.562756358423017,0.4297586499881181,0.657886908851337,informative
158,10.0,K-Fold CV,4096,False,-0.00010928655719856728,0.016759955859364285,0.0,-0.08355814772278647,0.07008196489087837,noise
159,10.0,K-Fold CV,4096,True,0.5604909180856813,0.02410353518307277,0.5614110899843842,0.47208179316831433,0.6252928126935633,informative
160,10.0,K-Fold CV,8192,False,3.8286525650005415e-05,0.01184485837836972,0.0,-0.05258169230094323,0.0525947198325154,noise
161,10.0,K-Fold CV,8192,True,0.5623704634189916,0.017137721264547323,0.5623576389578204,0.5059710846511842,0.6119390199183763,informative
